"daytime","N","SD","Error","Lower","Mean","Upper","Difference","Lower_Diff","Upper_Diff"
"00-03",729577,29.2949976986048,0.0672212698918369,52.9586060245541,53.0258272944459,53.0930485643378,-1.23689018354577,-1.30411145343761,-1.16966891365394
"03-06",727884,29.8752180749714,0.0686323407108086,51.8841911861149,51.9528235268257,52.0214558675365,-2.30989395116601,-2.37852629187682,-2.2412616104552
"06-09",727624,29.95301214827,0.0688233500224635,51.7155460495575,51.78436939958,51.8531927496025,-2.47834807841171,-2.54717142843418,-2.40952472838925
"09-12",729356,30.4815215791699,0.0699545027822198,53.268320633091,53.3382751358733,53.4082296386555,-0.924442342118461,-0.994396844900677,-0.854487839336244
"12-15",729618,30.1363773311402,0.0691499844153182,54.5202652986506,54.5894152830659,54.6585652674812,0.326697805074204,0.257547820658885,0.395847789489522
"15-18",728875,29.4319478958328,0.0675680353003056,56.5651989000453,56.6327669353456,56.7003349706459,2.37004945735385,2.30248142205355,2.43761749265416
"18-21",728330,29.9364830773825,0.0687520245752061,57.7188675983979,57.7876196229731,57.8563716475483,3.52490214498136,3.45615012040616,3.59365416955657
"21-24",730533,28.8165649171559,0.0660801622345285,54.9196275333795,54.985707695614,55.0517878578486,0.722990217622318,0.65691005538779,0.789070379856845
