"daytime","Mean","SD","N","Lower","Upper"
"00-03",53.0258272944459,29.2949976986048,734863,52.958848228956,53.0928063599358
"03-06",51.9528235268257,29.8752180749714,734114,51.8844830290189,52.0211640246326
"06-09",51.78436939958,29.95301214827,734544,51.7158710036496,51.8528677955104
"09-12",53.3382751358733,30.4815215791699,736171,53.2686451840354,53.4079050877111
"12-15",54.5894152830659,30.1363773311402,736794,54.5206028666003,54.6582276995316
"15-18",56.6327669353456,29.4319478958328,735854,56.5655200794497,56.7000137912415
"18-21",57.7876196229731,29.9364830773825,734369,57.7191508701268,57.8560883758194
"21-24",54.985707695614,28.8165649171559,735499,54.9198509945681,55.05156439666
