"theta_hat","p_value","ci_lower","ci_upper"
-3.49266950590501,5.15347100813234e-126,-Inf,-3.25178446267796
